id;registration_date;delivery_date;request_status
1;2020-06-15T13:15:32;2020-06-15T16:14:06;Group
2;2020-06-14T20:36:53;2020-06-15T16:12:15;Horizontal
3;2020-06-15T08:36:26;2020-06-14T22:00:08;Associate
4;2020-06-15T03:12:02;2020-06-14T21:56:20;District Concrete
5;2020-06-15T10:19:33;2020-06-15T13:27:49;Investment Account
6;2020-06-14T22:55:55;2020-06-14T19:53:39;eyeballs vortals
7;2020-06-15T14:27:50;2020-06-15T09:55:51;enterprise Decentralized interactive
8;2020-06-14T22:02:40;2020-06-15T17:38:01;Arkansas Architect
9;2020-06-14T18:16:33;2020-06-15T11:03:14;Investor Pine bus
10;2020-06-15T06:54:57;2020-06-15T14:39:28;Checking Account
